{
  "scenes": [
    {
      "id": 1,
      "x": 180,
      "y": 244,
      "links": [
        {
          "target": "2",
          "yaw": 2.9253324341422662,
          "pitch": 0.15535421497946977
        }
      ],
      "start": 1554993617990,
      "end": 1554993618005
    },
    {
      "id": 2,
      "x": 264,
      "y": 244,
      "links": [
        {
          "target": "1",
          "yaw": -1.6555781000296639,
          "pitch": 0.23676866872366276
        },
        {
          "target": "3",
          "yaw": 1.5,
          "pitch": 0.21876302534654357
        }
      ],
      "start": 1554993621990,
      "end": 1554993622005
    },
    {
      "id": 3,
      "x": 200,
      "y": 160,
      "links": [
        {
          "target": "2",
          "yaw": 1.6175231556139117,
          "pitch": 0.11051631182769839
        },
        {
          "target": "4",
          "yaw": 3.5175231556139117,
          "pitch": 0.11051631182769839
        }
      ],
      "start": 1554993627990,
      "end": 1554993628005
    },
    {
      "id": 4,
      "x": 170,
      "y": 60,
      "links": [
        {
          "target": "3",
          "yaw": 2.04566265869561548,
          "pitch": 2.932900306678153
        }
      ],
      "start": 1554993635990,
      "end": 1554993636005
    }
  ]
}