{
  "scenes": [
    {
      "id": 1,
      "x":180,
      "y":250,
      "links": [
        {
          "target": "2"
        }
      ],
      "start": 1554993617990,
      "end": 1554993618005
    },
    {
      "id": 2,
      "x":180,
      "y":250,
      "links": [
        {
        "target": "1"
        },
        {
        "target": "3"
        }
    ],
      "start": 1554993621990,
      "end": 1554993622005
    },
    {
      "id": 3,
      "x":180,
      "y":250,
      "links": [
        {
        "target": "2"
        },
        {
        "target": "4"
        }
    ],
      "start": 1554993627990,
      "end": 1554993628005
    },
    {
      "id": 4,
      "x":180,
      "y":250,
      "links": [
        {
        "target": "3"
        }
    ],
      "start": 1554993635990,
      "end": 1554993636005
    }
  ]
}